COURSE OF STUDY DISTRICT,MEDICINE University of Colombo,MEDICINE University of Peradeniya,MEDICINE University of Sri Jayewardenepura,MEDICINE University of Kelaniya,MEDICINE University of Jaffna,MEDICINE University of Ruhuna,MEDICINE University of Moratuwa,"MEDICINE Eastern University, Sri Lanka",MEDICINE Rajarata University of Sri Lanka,MEDICINE Sabaragamuwa University of Sri Lanka,MEDICINE Wayamba University of Sri Lanka,MEDICINE Uva Wellassa University of Sri Lanka,DENTAL SURGERY University of Peradeniya,DENTAL SURGERY University of Sri Jayewardenepura,VETERINARY SCIENCE University of Peradeniya,BIOCHEMISTRY & MOLECULAR BIOLOGY University of Colombo,AGRICULTURAL TECHNOLOGY & MANAGEMENT University of Peradeniya,AGRICULTURE University of Jaffna,"AGRICULTURE Eastern University, Sri Lanka",AGRICULTURE Rajarata University of Sri Lanka,AGRICULTURE Sabaragamuwa University of Sri Lanka,AGRICULTURE Wayamba University of Sri Lanka,FOOD SCIENCE & NUTRITION Wayamba University of Sri Lanka,FOOD SCIENCE & TECHNOLOGY University of Peradeniya,FOOD SCIENCE & TECHNOLOGY University of Sri Jayewardenepura,FOOD SCIENCE & TECHNOLOGY Sabaragamuwa University of Sri Lanka,BIOLOGICAL SCIENCE University of Colombo,BIOLOGICAL SCIENCE University of Peradeniya,BIOLOGICAL SCIENCE University of Sri Jayewardenepura,BIOLOGICAL SCIENCE University of Kelaniya,BIOLOGICAL SCIENCE University of Jaffna,BIOLOGICAL SCIENCE University of Ruhuna,"BIOLOGICAL SCIENCE Eastern University, Sri Lanka",BIOLOGICAL SCIENCE South Eastern University of Sri Lanka,ENGINEERING University of Peradeniya,ENGINEERING University of Sri Jayewardenepura,ENGINEERING University of Jaffna,ENGINEERING University of Ruhuna,ENGINEERING University of Moratuwa,ENGINEERING South Eastern University of Sri Lanka,QUANTITY SURVEYING University of Moratuwa,COMPUTER SCIENCE University of Colombo School of Computing,COMPUTER SCIENCE University of Sri Jayewardenepura,COMPUTER SCIENCE University of Kelaniya,COMPUTER SCIENCE University of Jaffna,COMPUTER SCIENCE University of Ruhuna,COMPUTER SCIENCE Eastern University - Trincomalee Campus,PHYSICAL SCIENCE University of Colombo,PHYSICAL SCIENCE University of Peradeniya,PHYSICAL SCIENCE University of Sri Jayewardenepura,PHYSICAL SCIENCE University of Kelaniya,PHYSICAL SCIENCE University of Jaffna,PHYSICAL SCIENCE University of Ruhuna,"PHYSICAL SCIENCE Eastern University, Sri Lanka",PHYSICAL SCIENCE South Eastern University of Sri Lanka,SURVEYING SCIENCE Sabaragamuwa University of Sri Lanka,MANAGEMENT University of Colombo,MANAGEMENT University of Peradeniya,MANAGEMENT University of Sri Jayewardenepura,MANAGEMENT University of Kelaniya,MANAGEMENT University of Jaffna,MANAGEMENT University of Ruhuna,"MANAGEMENT Eastern University, Sri Lanka",MANAGEMENT South Eastern University of Sri Lanka,MANAGEMENT Rajarata University of Sri Lanka,MANAGEMENT Sabaragamuwa University of Sri Lanka,MANAGEMENT Wayamba University of Sri Lanka,REAL ESTATE MANAGEMENT & VALUATION University of Sri Jayewardenepura,COMMERCE University of Sri Jayewardenepura,COMMERCE University of Kelaniya,COMMERCE University of Jaffna,"COMMERCE Eastern University, Sri Lanka",COMMERCE South Eastern University of Sri Lanka,FINANCIAL ENGINEERING  University of Kelaniya,"BANKING & INSURANCE University of Vavuniya, Sri Lanka",LAW University of Colombo,LAW University of Peradeniya,LAW University of Jaffna,ARTS  University of Colombo,ARTS  University of Peradeniya,ARTS  University of Sri Jayewardenepura,ARTS  University of Kelaniya,ARTS  University of Jaffna,ARTS  University of Ruhuna,"ARTS  Eastern University, Sri Lanka",ARTS  South Eastern University of Sri Lanka,ARTS  Rajarata University of Sri Lanka,ARTS-INFORMATION TECHNOLOGY  University of Sri Jayewardenepura,AQUATIC BIORESOURCES University of Sri Jayewardenepura,URBAN BIORESOURCES University of Sri Jayewardenepura,SOCIAL WORK  University of Peradeniya,SOCIAL WORK  University of Jayewardenepura,HUMAN RESOURCE DEVELOPMENT Uva Wellassa University of Sri Lanka,PRIMARY EDUCATION University of Colombo,COMMUNICATION STUDIES  Eastern University -Trincomalee Campus,FINANCIAL ECONOMICS University of Sri Jayewardenepura,CREATIVE MUSIC TECHNOLOGY & PRODUCTION University of Sri Jayewardenepura,PEACE & CONFLICT RESOLUTION  University of Kelaniya,ISLAMIC STUDIES   South Eastern University of Sri Lanka,ARABIC  LANGUAGE  South Eastern University of Sri Lanka,ARCHITECTURE  University of Moratuwa,DESIGN  University of Moratuwa,LANDSCAPE ARCHITECTURE  University of Moratuwa,TOWN & COUNTRY PLANNING University of Moratuwa,FASHION DESIGN & PRODUCT DEVELOPMENT  University of Moratuwa,ARTIFICIAL INTELLIGENCE University of Moratuwa,INFORMATION TECHNOLOGY & MANAGEMENT  University of Moratuwa,FACILITIES MANAGEMENT University of Moratuwa,BUSINESS SCIENCE University of Moratuwa,INDUSTRIAL STATISTICS & MATHEMATICAL FINANCE University of Colombo,FINANCIAL MATHEMATICS AND INDUSTRIAL STATISTICS University of Ruhuna,STATISTICS & OPERATIONS RESEARCH University of Peradeniya,GEOGRAPHICAL INFORMATION SCIENCE University of Peradeniya,INFORMATION SYSTEMS  University of Colombo School of Computing,INFORMATION SYSTEMS  University of Sri Jayewardenepura,INFORMATION SYSTEMS  University of Sabaragamuwa,SOFTWARE ENGINEERING University of Sri Jayewardenepura,SOFTWARE ENGINEERING University of Kelaniya,SOFTWARE ENGINEERING Sabaragamuwa University of Sri Lanka,AYURVEDIC MEDICINE & SURGERY University of Colombo,"AYURVEDIC MEDICINE & SURGERY The Gampaha Wickramarachchi University of Indigenous Medicine, Sri Lanka",UNANI MEDICINE & SURGERY University of Colombo,SIDDHA MEDICINE & SURGERY University of Jaffna,SIDDHA MEDICINE & SURGERY Eastern University - Trincomalee Campus,"INDIGENOUS MEDICINAL RESOURCES The Gampaha Wickramarachchi University of Indigenous Medicine, Sri Lanka","HEALTH INFORMATION AND COMMUNICATION TECHNOLOGY The Gampaha Wickramarachchi University of Indigenous Medicine, Sri Lanka","HEALTH TOURISM AND HOSPITALITY MANAGEMENT The Gampaha Wickramarachchi University of Indigenous Medicine, Sri Lanka","BIOMEDICAL TECHNOLOGY The Gampaha Wickramarachchi University of Indigenous Medicine, Sri Lanka","INDIGENOUS PHARMACEUTICAL TECHNOLOGY The Gampaha Wickramarachchi University of Indigenous Medicine, Sri Lanka","YOGA AND PARAPSYCHOLOGY The Gampaha Wickramarachchi University of Indigenous Medicine, Sri Lanka","SOCIAL STUDIES IN INDIGENOUS KNOWLEDGE The Gampaha Wickramarachchi University of Indigenous Medicine, Sri Lanka",HEALTH PROMOTION Rajarata University of Sri Lanka,NURSING University of Colombo,NURSING University of Peradeniya,NURSING University of Sri Jayewardenepura,NURSING University of Jaffna,NURSING University of Ruhuna,"NURSING Eastern University, Sri Lanka",PHARMACY University of Peradeniya,PHARMACY University of Sri Jayewardenepura,PHARMACY University of Jaffna,PHARMACY University of Ruhuna,MEDICAL LABORATORY SCIENCES University of Peradeniya,MEDICAL LABORATORY SCIENCES University of Sri Jayewardenepura,MEDICAL LABORATORY SCIENCES University of Jaffna,MEDICAL LABORATORY SCIENCES University of Ruhuna,RADIOGRAPHY University of Peradeniya,MEDICAL IMAGING TECHNOLOGY University of Colombo,PHYSIOTHERAPY University of Colombo,PHYSIOTHERAPY University of Peradeniya,OCCUPATIONAL THERAPY University of Kelaniya,OPTOMETRY University of Sri Jayewardenepura,ENVIRONMENTAL CONSERVATION & MANAGEMENT University of Kelaniya,APPLIED CHEMISTRY University of Kelaniya,ELECTRONICS AND COMPUTER SCIENCE University of Kelaniya,ACCOUNTING INFORMATION SYSTEMS University of Kelaniya,FISHERIES & MARINE SCIENCES University of Ruhuna,MARINE AND FRESHWATER SCIENCES University of Ruhuna,ANIMAL SCIENCE & FISHERIES University of Peradeniya,FOOD  PRODUCTION & TECHNOLOGY MANAGEMENT Wayamba University of Sri Lanka,FOOD BUSINESS MANAGEMENT Sabaragamuwa University of Sri Lanka,COMPUTING & INFORMATION SYSTEMS Sabaragamuwa University of Sri Lanka,DATA SCIENCE Sabaragamuwa University of Sri Lanka,PHYSICAL EDUCATION   University of Jaffna,PHYSICAL EDUCATION   Sabaragamuwa University of Sri Lanka,SPORTS SCIENCE & MANAGEMENT   University of Sri Jayewardenepura,SPORTS SCIENCE & MANAGEMENT   University of Kelaniya,SPORTS SCIENCE & MANAGEMENT   Sabaragamuwa University of Sri Lanka,SPEECH AND HEARING SCIENCES  University of Kelaniya,TOURISM & HOSPITALITY MANAGEMENT Rajarata University of Sri Lanka,TOURISM & HOSPITALITY MANAGEMENT Sabaragamuwa University of Sri Lanka,AGRICULTURAL RESOURCE MANAGEMENT AND TECHNOLOGY University of Ruhuna,AGRI BUSINESS MANAGEMENT University of Ruhuna,GREEN TECHNOLOGY University of Ruhuna,SCIENCE AND TECHNOLOGY Uva Wellassa University of Sri Lanka,COMPUTER SCIENCE & TECHNOLOGY   Uva Wellassa University of Sri Lanka,ENTREPRENEURSHIP AND MANAGEMENT  Uva Wellassa University of Sri Lanka,ANIMAL PRODUCTION AND FOOD TECHNOLOGY Uva Wellassa University of Sri Lanka,EXPORT AGRICULTURE Uva Wellassa University of Sri Lanka,INDUSTRIAL INFORMATION TECHNOLOGY   Uva Wellassa University of Sri Lanka,MINERAL RESOURCES AND TECHNOLOGY Uva Wellassa University of Sri Lanka,AQUATIC RESOURCES TECHNOLOGY Uva Wellassa University of Sri Lanka,"HOSPITALITY, TOURISM AND EVENTS MANAGEMENT    Uva Wellassa University of Sri Lanka",ENGLISH LANGUAGE & APPLIED LINGUISTICS Uva Wellassa University of Sri Lanka,PLANTATION MANAGEMENT AND TECHNOLOGY Uva Wellassa University of Sri Lanka,PHYSICAL SCIENCE -ICT University of Kelaniya,TRANSLATION STUDIES   University of Kelaniya,TRANSLATION STUDIES   University of Jaffna,"TRANSLATION STUDIES   Eastern University, Sri Lanka",TRANSLATION STUDIES   Sabaragamuwa University of Sri Lanka,FILM & TELEVISION STUDIES   University of Kelaniya,"PROJECT MANAGEMENT University of Vavuniya, Sri Lanka",VISUAL ARTS   University of the Visual & Performing Arts,MUSIC    University of Sri Jayewardenepura,MUSIC    University of the Visual & Performing Arts,DANCE   University of the Visual & Performing Arts,DRAMA & THEATRE   University of the Visual & Performing Arts,ART & DESIGN   University of Jaffna,MUSIC   University of Jaffna,DANCE   University of Jaffna,VISUAL & TECHNOLOGICAL ARTS   Swami Vipulananda Institute of Aesthetic Studies,MUSIC    Swami Vipulananda Institute of Aesthetic Studies,DANCE   Swami Vipulananda Institute of Aesthetic Studies,DRAMA & THEATRE   Swami Vipulananda Institute of Aesthetic Studies
COLOMBO,2.4516,2.2279,2.1465,2.0526,1.879,1.9559,1.8732,NQC,1.8772,1.8894,1.9152,NQC,1.8311,1.8337,1.7345,1.7704,1.1759,0.4638,0.4158,0.5911,0.6993,0.5923,1.0529,1.5034,1.4434,1.3571,1.5982,1.4293,1.3093,1.2328,1.0115,1.0732,0.9949,0.9968,1.9034,1.7762,NQC,1.6861,2.1036,NQC,1.32,1.6123,1.5054,1.5246,1.2741,1.3257,NQC,1.2613,1.1588,1.0756,0.9845,0.8624,0.902,0.8582,0.8711,0.8887,1.7329,1.59,1.781,1.6379,1.3185,1.4181,1.3413,1.3382,1.3185,1.3542,1.3712,1.5794,1.6096,1.4831,1.2849,1.2854,1.289,1.5815,1.2825,2.0038,1.953,1.9239,1.718,1.5825,1.531,1.4394,1.2062,1.3492,1.1729,1.3144,1.319,1.8484,0.9271,0.7891,1.8014,1.7223,1.4471,1.5008,1.2591,1.8051,1.4571,1.7097,1.0912,0.6697,1.1027,1.171,0.2314,1.0697,1.171,2.0481,1.6983,1.5402,1.9698,1.2869,1.0288,1.2705,1.9222,1.1812,1.1415,0.9414,1.4818,1.5372,1.3875,1.1413,0.8453,0.9695,0.5715,0.4383,0.5043,0.9894,1.2277,1.0057,0.9292,1.2371,1.2723,0.547,1.1929,1.2342,1.1442,0.8352,0.8522,0.6843,1.6162,1.5306,1.0952,NQC,1.7167,1.6527,1.4305,1.5562,1.4253,1.5533,1.6537,1.6151,1.2904,1.4086,0.801,1.4664,1.4536,1.6551,0.6364,0.866,0.9481,0.7182,1.2957,1.0381,1.3613,0.1613,-0.1884,0.8551,0.6632,0.5376,1.3018,1.317,1.4437,0.5485,0.5777,0.7413,0.8494,0.8917,1.2281,0.5384,0.537,1.2854,0.7153,0.4851,1.2685,1.4101,0.5741,0.8942,1.3257,0.3594,0.6717,1.1138,1.0316,1.3184,0.8758,0.7807,0.2977,0.7756,0.9184,NQC,0.0672,0.0655,NQC,NQC,0.2439,-0.3643
GAMPAHA,2.4412,2.2147,2.1566,2.0517,1.7278,1.955,1.8707,1.6406,1.8547,1.6816,1.689,1.6473,1.6275,1.6219,1.6011,1.598,1.204,0.4618,0.4227,0.5781,0.6872,0.6036,1.1113,1.5113,1.4441,1.2593,1.6014,1.4238,1.3236,1.2275,0.8881,1.0822,0.7536,0.5734,1.9033,1.7618,1.4031,1.6079,2.1067,NQC,1.3058,1.6342,1.5127,1.5586,1.1092,1.3241,1.1211,1.2675,1.1551,1.0759,0.9841,0.725,0.901,0.7463,0.7804,0.9417,1.7343,1.5872,1.8011,1.6373,1.3153,1.4148,NQC,1.3219,1.3109,1.3554,1.3721,1.5395,1.6071,1.4869,1.2625,1.2767,1.2833,1.5772,1.258,2.0025,1.9628,1.9009,1.718,1.5825,1.531,1.4394,1.2062,1.3492,1.1729,1.3144,1.319,1.8484,0.7695,0.7556,1.8014,1.7223,1.4873,1.6821,1.2591,1.816,1.3741,1.7097,1.0912,0.6697,0.3956,0.4672,0.1232,0.9684,0.8354,2.0455,1.567,1.4289,1.8747,1.2593,1.0215,1.2686,1.9961,1.2055,1.1482,0.4499,1.4876,1.5317,1.3388,1.132,0.7884,0.5901,-0.409,0.4225,0.4798,1.0374,1.2467,1.0278,0.9821,1.3088,1.2789,0.5446,1.1884,1.3383,1.1266,0.8415,0.8532,NQC,1.5741,1.5241,1.1104,1.3994,NQC,NQC,1.3056,1.5674,1.4341,1.5085,NQC,1.5581,1.1592,1.2372,0.8661,1.4405,1.4319,1.5243,0.5586,0.8085,1.0099,0.8552,1.2977,1.038,1.3505,0.03,-0.753,0.8391,0.6882,0.5532,1.5693,1.4184,1.4381,0.5856,0.6726,0.7273,0.8468,0.9083,1.2471,0.5861,0.5625,1.1846,0.7197,0.5091,1.2538,1.3601,0.6009,0.8843,1.3795,NQC,0.924,0.8462,0.8714,1.304,0.602,-0.0905,0.2155,0.8958,0.7873,1.2643,NQC,-0.4526,NQC,NQC,NQC,NQC
KALUTARA,2.4446,2.2204,2.1474,2.0514,1.784,1.9559,1.8732,1.7783,1.8995,1.785,1.7711,NQC,1.7698,1.7682,1.7211,1.7372,1.2884,0.6491,0.7903,0.5987,0.6924,0.5923,1.2161,1.5138,1.4433,1.4426,1.5932,1.4375,1.3093,1.2257,1.1666,1.1478,NQC,NQC,1.9109,1.7647,NQC,1.6421,2.1193,NQC,1.295,1.6319,1.5057,1.5193,NQC,1.4002,NQC,1.2645,1.1531,1.0801,0.9862,0.7957,0.8991,0.7833,0.8234,1.0562,1.733,1.5973,1.8042,1.6367,1.3944,1.4149,NQC,NQC,1.3781,1.3689,1.3744,1.4638,1.6094,1.4844,1.2904,1.2906,1.3147,1.5996,1.2853,2.0115,1.9653,1.8048,1.718,1.5825,1.531,1.4394,1.2062,1.3492,1.1729,1.3144,1.319,1.8484,1.0194,0.814,1.8014,1.7223,1.5767,1.7488,1.2591,1.7039,1.5565,1.7097,1.0912,0.6697,0.8229,0.8747,0.5218,1.0595,1.2241,2.056,1.6458,1.5413,1.9138,1.2416,1.0783,1.3111,1.9233,1.2078,1.2117,0.3636,1.4958,1.5365,NQC,1.1161,1.0163,0.778,0.734,0.5838,0.6228,1.0609,1.2298,1.162,1.0414,1.3075,1.308,0.6996,1.1902,1.2597,1.1506,NQC,0.9309,NQC,1.5701,1.5483,NQC,1.4321,1.7401,1.6534,NQC,1.597,1.4866,1.5391,1.6928,NQC,1.3673,1.3898,0.8829,1.4741,1.4332,1.7029,0.7498,0.8267,1.0219,0.902,1.2797,1.1007,1.4172,NQC,-0.3062,0.8588,0.7368,0.4018,1.5179,1.3726,1.4432,0.8142,0.768,0.8642,0.938,1.0705,1.2467,0.6069,0.6188,1.2606,0.7502,0.5867,1.2836,1.4323,0.6723,0.9089,1.2803,0.5809,0.7276,1.0886,1.0585,1.3114,0.9569,0.3424,0.5951,0.9194,0.4765,NQC,0.4778,-0.5592,-0.4372,0.6484,0.7635,0.0772
MATALE,2.4981,2.215,2.1943,2.0612,1.7073,1.9778,NQC,1.6524,1.8604,1.68,1.6921,1.652,1.6329,NQC,1.5648,1.5588,1.2325,0.656,NQC,0.6104,0.7378,0.6231,1.1317,NQC,NQC,1.1763,NQC,1.5053,1.3551,1.2876,0.9068,1.0788,0.7426,0.7822,1.9649,NQC,1.392,1.652,2.1393,1.0985,1.2051,1.8713,NQC,NQC,1.2467,NQC,0.8035,NQC,1.1639,1.0797,0.9899,0.7004,0.9051,0.5682,0.5741,0.9743,1.7558,1.6036,1.7898,1.6552,1.2494,1.4304,NQC,NQC,1.2853,1.3553,1.373,1.4628,1.6053,1.5017,NQC,1.1667,1.1869,NQC,1.2282,2.0307,1.9852,NQC,1.718,1.5825,1.531,1.4394,1.2062,1.3492,1.1729,1.3144,1.319,1.8484,0.6803,0.6335,1.8014,1.7223,1.6141,1.6264,1.2591,1.7129,1.3067,1.7097,1.0912,0.6697,1.0112,0.7659,0.5681,1.08,0.8278,2.0039,1.3254,1.4563,1.9048,1.0975,0.892,1.278,1.9493,NQC,1.5958,0.2153,NQC,NQC,1.1888,1.1834,0.7967,1.0833,NQC,0.5883,0.5791,1.1467,1.1408,1.1511,1.1091,1.3078,1.3261,0.6597,NQC,NQC,1.1356,0.9704,0.965,NQC,NQC,1.5392,1.2052,NQC,NQC,NQC,1.399,1.6323,1.357,1.3418,NQC,1.5072,1.223,1.3834,0.7818,1.3373,1.443,1.5773,0.7222,0.8861,0.934,0.8352,1.1666,0.8558,1.1836,NQC,-0.5104,NQC,0.7824,0.4505,1.5218,1.4645,1.4457,0.7527,0.7257,0.6429,0.9858,0.8601,1.243,0.6724,0.6035,1.3092,0.8219,0.6023,1.2644,1.5115,0.5582,0.4549,1.3401,NQC,0.6232,0.9007,NQC,1.4221,1.2767,0.5595,0.9793,0.9385,1.0223,0.5481,0.274,0.4399,0.467,-0.2345,-0.1395,0.4405
KANDY,2.5501,2.2216,2.1512,2.0545,1.8169,1.9598,1.8827,NQC,1.8509,1.8032,1.8229,NQC,1.786,NQC,1.7446,1.7709,1.3487,0.7642,0.6029,0.6183,0.7021,0.6098,1.0935,1.5677,1.4696,1.1115,1.6031,1.4175,1.3109,1.2349,0.9725,1.0802,0.979,NQC,1.9075,1.7482,1.5391,1.6097,2.1072,1.5351,1.272,1.6176,1.5137,1.538,1.1251,1.3349,0.8446,1.2615,1.1531,1.0725,0.9896,0.7059,0.9043,0.7181,0.6947,0.8958,1.737,1.588,1.7995,1.6381,1.3052,1.4162,1.2984,1.3284,1.2886,1.3602,1.3758,1.5496,1.6095,1.4844,1.2479,1.2512,1.2476,1.4504,1.2596,2.003,1.9618,1.8142,1.718,1.5825,1.531,1.4394,1.2062,1.3492,1.1729,1.3144,1.319,1.8484,0.9049,0.7766,1.8014,1.7223,1.5499,1.4135,1.2591,1.7072,1.4413,1.7097,1.0912,0.6697,1.0442,0.7393,0.5865,0.9261,0.7925,1.8855,1.639,1.4694,1.7062,1.2782,0.9673,1.3497,2.0302,1.2129,1.3269,0.219,1.483,1.5189,1.421,1.1161,0.8989,1.0023,0.5386,0.5284,0.5812,1.0658,1.2018,1.1061,1.0226,1.3141,1.3616,0.675,NQC,1.3008,NQC,0.8495,0.8955,0.7925,1.6247,1.5465,1.2126,1.3965,1.7092,1.6931,1.4771,1.5533,1.3905,1.4958,1.6857,1.5786,1.2908,1.3863,0.8357,1.3994,1.4093,1.4866,0.6057,0.8251,1.0044,0.9292,1.2572,0.9399,1.3509,NQC,-0.5743,0.9146,0.6672,0.7381,1.4592,1.4195,1.453,0.8096,0.7283,0.8093,0.8327,0.9592,1.2494,0.5953,0.6159,1.2194,0.7291,0.5847,1.2644,1.4723,0.6124,0.6295,1.2902,0.6802,0.7095,0.9852,0.7936,1.3343,0.9707,0.0659,0.8065,0.9312,0.5006,NQC,0.1218,-0.0591,-0.0373,-0.5822,-0.6296,-0.1319
NUWARA ELIYA,NQC,2.2598,NQC,2.0969,1.7308,1.9775,1.9286,1.4296,1.9025,1.6837,1.7319,1.383,1.3891,1.3789,1.3253,1.315,1.1548,0.4627,0.3495,0.6258,0.9751,0.6297,1.0887,NQC,NQC,1.05,NQC,NQC,NQC,1.3065,0.9122,1.0935,0.749,0.4179,1.977,NQC,1.3978,1.6081,2.1524,0.7247,0.8566,1.7593,NQC,NQC,NQC,NQC,0.4791,NQC,1.3844,NQC,NQC,NQC,NQC,0.4653,0.0517,0.6227,1.75,1.5953,1.7863,1.6374,1.179,1.4201,1.1832,1.213,1.2886,1.3637,1.376,1.5619,1.6472,1.5037,NQC,1.1315,1.1193,1.3529,1.2634,2.1405,1.9687,1.7784,1.718,1.5825,1.531,1.4394,1.2062,1.3492,1.1729,1.3144,1.319,1.8484,0.6563,0.8008,1.8014,1.7223,1.6196,1.6318,1.2591,1.7221,1.6155,1.7097,1.0912,0.6697,1.1282,0.5186,NQC,0.8728,-0.0576,2.0535,1.3012,1.4563,1.6831,0.8723,0.6082,1.0681,1.7989,1.2299,NQC,0.2643,NQC,NQC,0.8187,NQC,0.7445,0.5256,0.2839,NQC,0.3333,1.0474,1.1056,0.9012,0.8341,1.3351,1.3617,0.6223,NQC,NQC,NQC,0.903,0.9177,0.7229,NQC,NQC,1.0697,NQC,NQC,NQC,1.1843,NQC,1.2336,1.3735,NQC,1.2694,1.1088,1.1477,0.7375,1.2978,0.9738,1.665,0.5771,0.8625,0.9404,0.7283,1.1065,0.5573,0.9592,0.2803,-0.433,1.103,1.0894,-0.31,1.1876,1.4555,1.4527,0.6879,0.7686,0.7087,0.6925,0.5418,1.1206,0.4334,0.4346,1.0913,0.5238,0.376,1.2598,1.5522,0.4775,0.4319,NQC,0.7378,1.3782,NQC,0.515,1.394,0.7268,0.6688,0.3023,-0.1693,0.394,-0.2382,0.4185,0.1365,0.2056,0.5513,0.0173,0.3666
GALLE,2.4478,2.2429,2.1503,2.0791,NQC,1.9552,1.8728,NQC,1.9071,NQC,1.8661,NQC,1.8319,1.834,1.7523,1.7812,1.309,0.6394,0.6045,0.5857,0.7423,0.5863,1.1207,1.544,1.4435,1.4051,1.5974,1.4172,1.3195,1.2282,NQC,1.085,1.1413,NQC,1.9115,1.7652,NQC,1.7063,2.101,NQC,1.3452,1.6196,1.5121,1.5537,NQC,1.3671,NQC,1.2617,1.1534,1.0726,0.9868,0.9686,0.9499,NQC,NQC,1.075,1.733,1.5885,1.7936,1.6367,NQC,1.4188,NQC,1.3444,1.3447,1.3555,1.3951,1.5527,1.6072,1.4871,1.2685,1.2628,1.2646,1.5297,1.2955,2,1.9857,NQC,1.718,1.5825,1.531,1.4394,1.2062,1.3492,1.1729,1.3144,1.319,1.8484,0.9275,0.8782,1.8014,1.7223,1.5356,1.8038,1.2591,1.8236,1.4901,1.7097,1.0912,0.6697,1.2613,0.6972,0.0535,1.0997,0.9833,2.1122,1.7065,1.4443,1.9024,1.3176,1.0711,1.3609,1.9887,1.178,1.1591,0.7929,1.4822,1.5465,1.4546,1.1543,1.0044,0.9355,NQC,0.5437,0.6395,1.1468,1.261,1.1831,1.0864,1.3263,1.324,0.7049,1.1939,1.238,1.133,1.0061,0.9826,NQC,1.574,1.5364,NQC,1.4923,1.7304,1.6681,1.6107,1.6253,1.4146,1.4766,1.6966,1.6871,1.3834,1.3966,0.9434,1.4173,1.4452,1.5494,0.6993,0.8847,1.0082,0.8833,1.3291,1.084,1.3813,NQC,NQC,0.8627,0.6865,0.1814,1.3344,1.4395,1.4384,0.8234,0.7902,0.887,0.9558,1.0906,1.2645,0.6459,0.6662,1.2545,0.8012,0.5924,1.3126,1.4373,0.6795,0.9235,1.3169,NQC,0.8917,1.1879,1.1485,1.3229,0.1914,1.766,0.9002,1.0293,0.3861,1.3809,NQC,NQC,NQC,-0.9468,NQC,NQC
MATARA,2.4552,2.2225,2.1557,2.0508,NQC,1.955,1.913,NQC,1.9079,1.9005,NQC,NQC,1.8405,1.8535,1.7211,1.7361,1.3705,0.6099,0.5849,0.5798,0.7077,0.5887,1.1777,1.6068,1.4624,1.373,1.6141,1.4226,1.3103,1.2297,NQC,1.0802,NQC,NQC,1.9095,1.7507,NQC,1.784,2.1146,NQC,1.3892,1.6129,1.5127,1.5253,NQC,1.4776,NQC,1.2642,1.1622,1.0783,0.9925,NQC,0.9064,NQC,NQC,1.0723,1.7336,1.589,1.7827,1.6442,NQC,1.4193,NQC,NQC,NQC,1.3738,1.4059,1.5894,1.6053,1.4943,1.2719,1.3261,1.2753,1.4216,1.2892,2,1.9597,1.9404,1.718,1.5825,1.531,1.4394,1.2062,1.3492,1.1729,1.3144,1.319,1.8484,0.9528,0.7989,1.8014,1.7223,1.551,1.7911,1.2591,1.8438,1.5734,1.7097,1.0912,0.6697,1.1287,1.07,0.6811,1.0875,0.6762,2.0723,1.7336,1.5603,2.01,1.2872,1.0809,1.3502,2.073,1.2019,NQC,0.4869,1.4852,1.5372,NQC,1.1339,1.1313,0.9573,NQC,0.5752,0.6093,1.1646,1.264,1.2344,1.1012,1.3521,1.3184,0.7267,1.1992,1.2361,1.1294,NQC,1.0174,NQC,NQC,1.5286,NQC,1.4764,1.712,1.668,NQC,1.5984,1.4687,1.5766,1.6836,1.7154,1.4317,1.4537,0.9402,1.4785,1.4616,1.6972,0.722,0.9032,0.9949,0.9253,1.3384,1.1215,1.402,NQC,0.1621,1.2009,0.8214,0.4293,1.2648,NQC,1.4684,0.7875,0.7723,0.8585,0.9577,1.0776,1.277,0.6701,0.6345,1.2693,0.7641,0.602,1.2938,1.5183,0.6569,1.3015,1.3136,0.2825,NQC,1.1603,1.1187,1.3183,1.2467,0.858,0.8851,1.0088,0.9872,0.7901,-0.0609,NQC,-0.1418,0.238,NQC,NQC
HAMBANTOTA,2.4711,2.2646,2.1643,2.0508,1.7765,1.9606,1.9222,1.8366,1.8525,1.7698,NQC,NQC,1.7587,1.8254,1.7457,1.7306,1.3042,0.8231,0.6204,0.6221,0.7067,0.6287,1.1177,1.5091,1.4433,NQC,1.6106,1.4273,1.3119,1.2442,0.9197,1.0923,0.8596,0.7948,1.9035,1.7631,NQC,1.6355,2.1096,NQC,1.3718,1.6148,1.5117,1.5284,NQC,1.4149,NQC,1.2677,1.17,1.0747,0.9849,0.7826,0.9053,0.7707,0.8599,1.1194,1.734,1.6067,1.7847,1.6599,1.0906,1.4305,1.0918,1.1,1.2875,1.3555,1.3878,1.5439,1.6351,1.4862,NQC,1.056,1.0437,1.1957,1.1815,1.9979,NQC,NQC,1.718,1.5825,1.531,1.4394,1.2062,1.3492,1.1729,1.3144,1.319,1.8484,0.9054,0.816,1.8014,1.7223,1.5173,1.7798,1.2591,1.6811,1.5549,1.7097,1.0912,0.6697,0.9159,0.6614,0.2734,1.0208,0.6245,1.9027,1.6923,1.4689,1.6099,1.3374,1.1104,1.3608,1.9968,1.3559,1.2605,0.2568,1.5052,1.5143,NQC,1.1243,1.1018,0.9321,NQC,0.616,0.6449,1.1374,1.1071,1.1551,1.0918,1.312,1.316,0.7254,1.2266,1.2339,1.1346,NQC,0.992,NQC,1.5702,1.5269,NQC,1.4849,1.7054,1.6555,NQC,1.6116,1.5502,1.5823,1.6695,NQC,1.3729,1.4359,0.975,1.4686,1.4254,1.6388,0.7208,0.8198,1.046,0.9657,1.1523,1.0793,1.4023,NQC,-0.3248,1.0829,0.6952,0.2507,1.4845,1.3499,1.4956,0.8346,0.7755,0.8963,0.9695,1.0951,1.1057,0.6494,0.6652,1.2654,0.7811,0.6085,1.2256,1.5221,0.6543,0.7725,1.2827,NQC,NQC,1.0815,1.199,1.317,1.1013,0.9397,0.4056,0.6664,NQC,NQC,NQC,NQC,-0.0806,NQC,NQC,NQC
JAFFNA,2.4504,2.212,2.1968,NQC,1.8724,NQC,2.0797,NQC,NQC,NQC,NQC,NQC,1.8086,NQC,1.737,1.7859,1.3043,0.6679,0.6728,0.7215,0.6964,0.6797,1.2116,1.5054,1.482,NQC,1.6491,1.4511,1.3328,1.2634,1.0082,NQC,NQC,NQC,1.9054,1.78,NQC,NQC,2.1167,NQC,1.3571,1.6366,1.5073,1.5575,1.3709,1.3711,NQC,1.2689,1.1636,1.0765,1.0002,0.766,NQC,0.8687,NQC,1.0978,1.7354,1.6123,1.8025,NQC,1.066,NQC,1.0089,1.1683,1.4507,NQC,NQC,1.3482,NQC,NQC,NQC,NQC,0.8918,1.0875,1.0237,2.069,1.9529,1.9029,1.718,1.5825,1.531,1.4394,1.2062,1.3492,1.1729,1.3144,1.319,1.8484,0.9949,0.689,1.8014,1.7223,1.4598,NQC,1.2591,1.3548,1.1702,1.7097,1.0912,0.6697,1.2043,NQC,-0.0937,1.108,0.9751,1.9617,1.7388,1.3551,1.3797,1.215,1.0583,1.3553,1.8949,1.2029,NQC,0.2557,1.5082,1.5199,1.6124,1.1722,0.8635,0.7642,0.747,0.8202,0.6615,0.798,0.9463,0.8457,0.8371,1.1645,1.2371,0.6562,1.1993,1.2584,1.1534,0.9637,1.0408,NQC,1.5839,1.5272,1.5035,NQC,1.7561,1.6543,1.6436,NQC,1.5571,1.4538,1.6759,1.7109,1.3996,1.4772,0.6446,1.371,1.4517,1.4075,0.6113,0.9031,1.0147,0.8549,1.0644,1.1011,1.3979,0.197,0.7122,NQC,NQC,-0.348,1.358,1.1544,NQC,0.5905,0.7075,0.7102,0.9713,1.1189,0.7803,0.6557,0.6271,1.2459,0.8167,0.6052,0.8376,1.5936,0.6486,0.9422,NQC,0.926,NQC,NQC,NQC,1.4395,NQC,NQC,-0.2374,NQC,NQC,0.375,0.5709,0.4859,0.2134,0.566,0.406,0.9743
KILINOCHCHI,NQC,2.3267,2.1972,NQC,1.7943,NQC,NQC,NQC,NQC,NQC,NQC,NQC,1.666,NQC,1.647,1.5353,1.2744,0.5958,0.4655,0.8534,NQC,NQC,0.7893,NQC,NQC,1.1019,NQC,NQC,NQC,NQC,0.9132,NQC,0.8409,0.6308,NQC,NQC,1.3255,1.6368,2.1576,1.2605,1.2397,NQC,NQC,NQC,1.2027,NQC,0.8907,NQC,NQC,NQC,NQC,0.7308,NQC,0.6225,NQC,0.973,1.7334,1.6123,NQC,NQC,1.0988,NQC,1.0157,NQC,NQC,NQC,NQC,1.2899,NQC,NQC,NQC,NQC,0.9646,NQC,0.9097,NQC,NQC,1.7541,1.718,1.5825,1.531,1.4394,1.2062,1.3492,1.1729,1.3144,1.319,1.8484,0.3307,0.3022,1.8014,1.7223,1.5526,NQC,1.2591,1.3238,1.3765,1.7097,1.0912,0.6697,NQC,NQC,NQC,1.0034,NQC,1.3238,1.3178,1.1817,0.929,0.872,0.4734,0.8949,2.0612,NQC,NQC,NQC,NQC,NQC,1.1679,NQC,0.6676,0.6318,0.674,NQC,0.3229,0.2938,0.9018,0.7141,0.6293,1.155,1.1664,0.4617,1.1914,NQC,NQC,NQC,1.1375,1.0353,NQC,NQC,1.5336,NQC,NQC,NQC,1.5983,NQC,1.557,1.2731,NQC,1.5702,1.359,1.405,0.4486,0.9322,1.0147,NQC,0.4242,0.5578,1.0118,0.7285,0.5331,0.9562,1.0163,0.3664,NQC,1.1502,NQC,0.9333,0.3224,1.4279,NQC,0.4538,0.4114,0.6769,0.8768,0.8339,1.0459,0.4201,0.6892,0.6355,0.805,0.3673,0.7287,1.4479,0.477,-0.0832,NQC,0.6382,NQC,NQC,NQC,1.2347,NQC,NQC,NQC,NQC,NQC,-0.0806,0.3848,0.3409,0.9594,0.5767,0.4378,1.0107
MANNAR,NQC,NQC,NQC,2.1087,1.7335,NQC,NQC,1.6845,NQC,1.707,1.8481,NQC,1.6619,NQC,1.541,1.5458,1.2453,0.4667,0.3943,NQC,0.7442,0.8777,1.1268,NQC,NQC,1.2822,NQC,NQC,NQC,NQC,NQC,NQC,0.8468,0.2566,NQC,NQC,1.388,1.6789,2.2964,1.1786,1.1677,NQC,NQC,NQC,NQC,NQC,0.5131,NQC,NQC,NQC,NQC,NQC,1.0094,0.4528,0.0149,0.9445,1.7605,1.5879,1.906,NQC,1.0787,NQC,1.3019,NQC,1.3341,1.3933,1.3966,1.5419,NQC,1.4856,NQC,1.0686,NQC,1.063,1.0539,2.1026,NQC,1.7475,1.718,1.5825,1.531,1.4394,1.2062,1.3492,1.1729,1.3144,1.319,1.8484,0.8365,0.2125,1.8014,1.7223,1.592,NQC,1.2591,1.065,1.1896,1.7097,1.0912,0.6697,1.0359,NQC,NQC,0.8482,NQC,1.5693,1.4707,1.4705,1.7639,0.5469,0.3522,0.7306,1.92,1.2409,NQC,0.258,NQC,NQC,1.1122,NQC,0.8186,0.8055,0.6423,NQC,0.2385,0.3917,1.0246,0.7467,0.8008,1.357,1.3138,0.57,1.2278,NQC,1.1498,0.9179,NQC,NQC,NQC,NQC,1.3911,NQC,NQC,NQC,1.5085,NQC,1.4238,1.462,NQC,1.543,1.0102,1.3446,0.9298,1.041,1.0521,1.0883,0.4677,0.7679,0.3409,0.8604,1.0606,0.5667,0.5768,0.7151,0.2804,NQC,0.8277,NQC,1.4451,1.499,NQC,0.4403,0.2939,0.7586,0.8824,1.1309,1.052,0.6189,0.2525,1.0465,0.5081,0.2913,1.2047,1.4857,0.2077,NQC,NQC,0.8658,NQC,NQC,NQC,1.2516,NQC,NQC,NQC,NQC,NQC,0.705,0.569,0.1749,0.4944,0.564,0.5766,0.8425
MULLAITIVU,NQC,2.2786,NQC,NQC,1.8819,NQC,NQC,NQC,NQC,NQC,NQC,NQC,1.7586,NQC,1.6464,1.3834,1.2566,0.6176,0.7097,NQC,NQC,NQC,0.9533,NQC,NQC,1.3428,NQC,NQC,NQC,NQC,0.9179,NQC,0.839,NQC,NQC,NQC,1.3682,1.6311,NQC,0.8143,0.711,NQC,NQC,NQC,NQC,NQC,0.6127,NQC,NQC,NQC,NQC,NQC,NQC,0.4382,0.2835,0.6239,1.739,1.6091,1.8638,NQC,1.2681,NQC,NQC,NQC,1.5812,NQC,NQC,1.2196,NQC,NQC,1.2541,1.2356,NQC,NQC,1.2233,2.0776,1.9594,NQC,1.718,1.5825,1.531,1.4394,1.2062,1.3492,1.1729,1.3144,1.319,1.8484,0.4195,0.2226,1.8014,1.7223,1.6461,NQC,1.2591,1.5658,1.1836,1.7097,1.0912,0.6697,NQC,NQC,NQC,0.9077,NQC,1.2498,1.4911,1.1849,1.4431,0.5726,0.5371,0.5698,1.9218,NQC,NQC,NQC,NQC,1.5418,1.0084,NQC,1.1659,0.4243,0.691,NQC,0.2822,0.4441,1.1609,0.8908,0.4234,1.1545,1.1523,0.5144,1.3856,NQC,1.1769,0.9836,NQC,NQC,NQC,1.5448,NQC,1.4506,NQC,NQC,1.603,NQC,1.4904,1.4162,NQC,1.6234,1.4198,1.4866,0.9779,0.9189,0.9422,-0.2361,0.6402,0.3524,0.8046,0.5136,1.178,0.5171,0.5742,0.5126,0.315,0.9354,NQC,NQC,0.9655,NQC,1.4803,0.3533,0.2891,0.2835,0.4364,0.5434,1.0752,0.4169,0.609,0.9126,0.5518,0.3244,0.8884,1.1513,0.2664,-0.2476,NQC,0.9694,NQC,NQC,NQC,1.1682,NQC,NQC,NQC,NQC,NQC,0.5589,0.6667,0.4024,0.4468,0.6064,0.3287,0.9723
VAVUNIYA,2.5134,2.2496,2.1503,NQC,1.8433,1.9671,1.8938,1.9934,1.998,NQC,NQC,NQC,NQC,1.8206,1.7615,1.7345,0.6477,0.5199,0.4281,NQC,NQC,NQC,0.9612,NQC,NQC,1.0429,NQC,NQC,NQC,1.2389,1.1751,NQC,0.8075,0.4457,1.9561,1.8165,1.3911,1.6191,2.1726,1.3571,1.2551,1.8869,NQC,NQC,1.2433,NQC,0.7283,NQC,NQC,NQC,NQC,0.7277,NQC,0.4678,0.3035,0.995,1.7336,1.6144,1.8014,NQC,1.1649,NQC,1.2047,1.2397,1.352,NQC,NQC,1.5189,1.6367,NQC,1.2521,1.0574,NQC,NQC,1.2462,2.0576,1.9934,1.9205,1.718,1.5825,1.531,1.4394,1.2062,1.3492,1.1729,1.3144,1.319,1.8484,0.7592,0.7938,1.8014,1.7223,1.3174,1.6569,1.2591,1.6188,1.2851,1.7097,1.0912,0.6697,NQC,NQC,NQC,1.0356,NQC,1.7488,1.5225,1.5549,2.0405,1.2292,0.8896,1.0531,1.7666,NQC,NQC,0.3714,1.4905,NQC,NQC,1.1909,1.0654,0.8336,0.6363,0.8055,0.4235,0.9452,1.0331,1.0332,0.8293,1.3099,1.3168,0.5585,1.2567,NQC,1.1376,1.039,1.0532,NQC,1.5898,1.5486,NQC,1.4387,NQC,1.6896,1.6158,NQC,1.4813,1.5521,NQC,1.6377,1.3074,1.3532,0.6177,0.8452,1.2451,1.0641,0.4123,0.785,0.4319,0.8849,1.0095,1.064,1.1215,0.197,NQC,NQC,NQC,NQC,1.021,NQC,1.4549,0.4802,0.2904,0.6147,0.978,1.0911,1.097,0.3547,0.262,1.0865,0.678,0.3906,1.268,1.528,0.4625,0.4188,NQC,0.9181,NQC,NQC,NQC,1.4837,NQC,NQC,1.4451,1.105,NQC,0.9317,0.4882,0.4496,NQC,-0.0913,-0.3866,0.3932
TRINCOMALEE,2.4637,2.248,2.1783,2.0533,1.7138,2.0044,1.8843,1.737,1.862,NQC,1.7552,NQC,1.6686,NQC,1.6649,1.6639,1.0878,0.4674,0.473,NQC,NQC,0.69,1.1347,NQC,NQC,1.1645,NQC,1.4192,1.3766,NQC,0.9871,NQC,0.9962,0.5396,1.9674,1.8803,1.3429,1.6188,2.2361,1.2946,1.1011,NQC,NQC,1.5422,1.2893,NQC,0.7455,1.3205,NQC,NQC,NQC,0.7051,0.9038,0.4719,0.5409,1.0721,1.7496,1.6488,1.7897,1.6505,1.0712,1.4779,1.0857,1.07,1.305,NQC,1.3702,1.4408,NQC,NQC,NQC,1.0608,0.9556,1.1009,1.2269,2.0024,1.9595,1.9353,1.718,1.5825,1.531,1.4394,1.2062,1.3492,1.1729,1.3144,1.319,1.8484,1.0166,0.7425,1.8014,1.7223,1.6698,1.499,1.2591,1.6772,1.2349,1.7097,1.0912,0.6697,0.616,NQC,NQC,1.1375,0.2069,1.3678,1.5588,1.5491,1.6668,1.0293,0.9288,1.1016,2.0327,NQC,NQC,0.3894,NQC,NQC,1.157,1.1224,1.0945,1.1875,0.7539,0.8129,0.6419,0.7161,0.9219,1.1359,0.6262,1.2732,1.3925,0.5614,1.222,1.316,1.179,1.0192,NQC,NQC,1.5775,1.5365,1.4968,NQC,NQC,NQC,1.6113,1.6224,1.5627,1.2794,1.6555,NQC,1.3189,1.4911,0.6674,1.2645,1.1905,1.5726,0.5575,0.901,0.5905,0.7388,1.1627,0.992,1.247,0.1176,-0.427,0.9992,NQC,0.2434,1.291,1.2201,NQC,0.4761,0.6009,0.8682,0.9462,0.8372,1.1342,0.6344,0.5171,1.2952,0.7907,0.6093,1.171,1.5847,0.4967,0.5883,NQC,0.1045,0.757,NQC,NQC,1.483,1.1231,NQC,0.6958,0.8009,0.7855,0.3538,-0.2208,-0.0199,0.34,0.5759,0.9836,0.9159
BATTICALOA,2.4902,2.2518,2.1621,2.0571,1.8226,1.9614,NQC,1.8413,1.8601,NQC,NQC,NQC,1.7962,NQC,1.7456,1.753,1.1553,0.5724,0.5697,NQC,0.7723,0.5791,1.175,NQC,NQC,1.2097,NQC,1.5038,1.3365,1.2483,1.0014,1.0716,0.7572,0.6869,1.9032,1.8462,1.4842,1.6126,2.1146,1.5402,1.3807,2.287,NQC,NQC,1.1515,NQC,1.056,1.3694,NQC,1.1048,0.9932,0.6974,0.9065,0.5306,0.5543,1.085,1.7354,1.5879,1.7978,1.6562,1.1708,1.5693,1.1723,1.2038,1.2869,NQC,NQC,1.4687,NQC,NQC,NQC,1.1332,1.1162,1.1035,1.1005,2.0666,1.9797,1.936,1.718,1.5825,1.531,1.4394,1.2062,1.3492,1.1729,1.3144,1.319,1.8484,1.0006,0.7491,1.8014,1.7223,1.5635,NQC,1.2591,1.7445,1.3342,1.7097,1.0912,0.6697,1.0429,NQC,0.8021,0.9939,NQC,2.0229,1.531,1.4509,1.5441,1.1579,1.0484,1.2576,1.9766,1.2695,NQC,0.3894,NQC,NQC,1.3163,1.1111,1.0738,1.2597,0.7482,0.7989,0.6362,1.0664,1.1206,1.2084,0.9611,1.1742,1.3948,0.6844,1.2015,NQC,1.1378,0.9374,1.0013,0.9994,1.5872,1.5309,1.4891,1.5034,1.7382,1.7539,1.6084,1.6084,1.5164,1.5098,1.6657,1.6903,1.4293,1.47,0.6503,1.4021,1.4344,1.6337,0.5615,0.8468,1.0512,0.6946,1.0752,1.0319,1.2586,0.2359,-0.2996,0.9427,NQC,-0.1692,1.5633,1.1673,NQC,0.5988,0.6158,0.7257,0.9086,1.0657,0.9905,0.5569,0.5436,1.2347,0.7541,0.5462,0.9571,1.5599,0.5157,0.5258,NQC,0.9021,0.8875,NQC,NQC,1.4334,NQC,NQC,-0.2295,NQC,NQC,-0.2254,0.5115,0.4023,0.6957,0.7486,0.471,0.9995
AMPARA,2.4374,2.2384,2.169,2.0536,1.8321,1.9566,1.8997,1.8169,1.8566,1.8048,1.8216,NQC,1.7816,NQC,1.7268,1.7033,1.3384,0.5844,0.6102,0.5905,0.7557,0.5914,1.2193,NQC,NQC,1.1779,1.6068,NQC,1.3223,1.2325,0.8995,1.08,0.8038,0.8888,1.9111,NQC,1.3419,1.6166,2.2577,1.3775,1.1659,NQC,NQC,NQC,1.1527,NQC,0.8677,1.638,NQC,NQC,1.0241,0.6966,0.9064,0.5841,0.5742,1.0476,1.7941,1.5906,1.9218,1.6367,1.0813,1.4174,1.0898,1.088,1.2945,1.3558,1.3894,1.5224,1.6282,1.4849,NQC,1.0562,1.0142,1.0637,1.01,2.0192,1.953,1.9327,1.718,1.5825,1.531,1.4394,1.2062,1.3492,1.1729,1.3144,1.319,1.8484,0.7969,0.7235,1.8014,1.7223,1.6659,1.4953,1.2591,1.4429,1.3103,1.7097,1.0912,0.6697,0.9578,0.1072,0.2531,1.0158,0.7401,1.6088,1.4474,1.2264,1.6587,1.0165,0.8596,1.0712,1.9955,1.361,NQC,0.4487,1.5052,NQC,1.1844,1.1254,1.1254,1.3318,0.7573,0.7276,0.5632,0.8983,0.9687,0.9017,0.9874,1.2965,1.3052,0.6907,1.1959,1.2359,1.1404,1.0531,1.0786,1.0082,1.6125,1.5375,1.4945,1.455,1.7194,1.6565,1.6454,1.5551,1.5723,1.5852,1.7007,1.696,1.4318,1.4633,0.8476,1.4615,1.1898,1.6489,0.6243,0.7123,0.7761,0.7503,1.0157,1.0374,1.3876,0.0565,0.1651,1.2696,0.9496,0.4199,1.5559,1.3212,NQC,0.595,0.6398,0.5809,0.8652,1.0531,1.0282,0.5568,0.5831,1.2162,0.7111,0.5723,1.067,1.5817,0.537,-0.0818,NQC,0.5429,0.585,NQC,0.7682,1.4135,0.463,1.2128,0.3449,0.6324,0.4125,0.317,-0.8079,-0.2764,0.5714,0.0929,-0.1534,0.786
PUTTALAM,2.4946,2.2805,2.1698,2.0552,1.7175,1.9578,1.9381,1.6762,1.8496,1.6839,1.6873,NQC,1.6623,NQC,1.6574,1.6201,1.1835,0.4726,0.3803,0.6016,0.9017,0.5783,1.1472,NQC,1.4971,1.035,1.617,1.4391,1.3112,1.2578,0.9048,1.0856,0.7416,0.5876,1.9303,1.781,1.3371,1.6414,2.1492,1.2173,1.1705,1.7712,NQC,NQC,1.1268,NQC,0.6784,1.369,1.1531,1.1056,1.0236,0.7319,0.9151,0.4211,0.3296,0.959,1.7333,1.6067,1.7979,1.6374,1.1731,1.4582,1.2032,1.2147,1.2859,1.3618,1.3742,1.341,NQC,1.5497,NQC,1.1032,1.0981,1.4138,1.1703,2.0253,1.9764,1.8898,1.718,1.5825,1.531,1.4394,1.2062,1.3492,1.1729,1.3144,1.319,1.8484,0.7097,0.5615,1.8014,1.7223,1.5841,1.7294,1.2591,1.7536,1.2811,1.7097,1.0912,0.6697,0.4771,1.9784,NQC,0.8864,0.7015,1.4693,1.3475,1.4384,1.848,1.0541,0.9377,1.064,1.8688,NQC,1.1742,0.7094,NQC,NQC,1.1462,1.1243,1.0073,1.3224,0.5737,0.5631,0.466,0.7391,1.0655,0.7273,0.6753,1.287,1.272,0.6195,1.2663,1.3846,NQC,0.9075,0.9236,NQC,NQC,1.5385,1.3962,1.4419,NQC,NQC,1.5206,1.5445,1.5429,1.5543,NQC,1.6454,1.4324,1.4935,0.8203,1.3995,1.2916,1.7022,0.5322,0.6873,0.9096,0.9316,1.0872,1.0346,1.2104,-0.0226,-0.2763,0.8768,0.6881,0.7034,1.3925,1.3726,1.4579,0.5939,0.5053,0.7556,0.7852,0.9228,1.1519,0.4438,0.4226,1.1711,0.6461,0.4686,1.1635,1.4694,0.4018,0.198,NQC,0.891,1.2304,0.7059,0.6505,1.4858,0.6723,NQC,0.4423,0.0388,0.9381,0.4301,0.7703,-0.4137,0.2398,NQC,NQC,0.4275
KURUNEGALA,2.445,2.2114,2.1529,2.0517,1.8028,1.9594,1.8901,NQC,1.8596,1.802,1.8038,NQC,1.786,NQC,1.7427,1.7739,1.3325,0.6497,0.627,0.6299,0.6898,0.6308,1.1517,1.509,1.4671,1.3214,1.6216,1.4165,1.3109,1.2277,1.0926,1.0851,NQC,NQC,1.9069,1.7552,NQC,1.6211,2.1101,NQC,1.3547,1.6149,1.5103,1.5525,1.1948,1.3281,NQC,1.2604,1.1574,1.0728,0.9851,0.776,0.8995,0.7728,0.7933,1.0521,1.7324,1.5884,1.7843,1.6378,1.362,1.4152,NQC,NQC,1.3607,1.3602,1.3702,1.5379,1.6062,1.4926,1.3051,1.3051,1.3182,1.4696,1.2911,2.003,1.9841,1.8426,1.718,1.5825,1.531,1.4394,1.2062,1.3492,1.1729,1.3144,1.319,1.8484,0.9248,0.8714,1.8014,1.7223,1.6156,1.8039,1.2591,1.7298,1.359,1.7097,1.0912,0.6697,1.1679,0.8923,0.6169,1.0637,1.0022,1.9247,1.6197,1.3966,1.6678,1.2803,1.0196,1.3563,2.0336,1.3119,1.1651,0.2528,1.4925,1.5466,1.3908,1.1356,0.942,1.0916,0.5313,0.5652,0.6219,1.1512,1.2421,1.1566,1.0954,1.3155,1.3398,0.7368,1.191,1.2539,1.1575,0.8692,0.8531,0.8571,1.5919,1.5239,1.4706,1.4114,1.7054,1.6575,NQC,1.5939,1.5505,1.5507,1.6734,1.7232,1.3718,1.4388,0.845,1.4146,1.4234,1.6647,0.6808,0.8054,1.0332,0.9156,1.258,1.0631,1.3894,1.0374,-0.0164,1.0252,0.7317,0.3235,1.4361,1.4894,1.4793,0.8216,0.769,0.7867,0.911,0.9779,1.2452,0.6307,0.6149,1.2402,0.7883,0.5893,1.249,1.4497,0.6595,0.881,NQC,0.317,0.7734,0.6582,1.0794,1.425,1.0532,0.9007,0.8633,0.9299,1.0478,NQC,NQC,NQC,0.345,NQC,NQC,0.0571
ANURADHAPURA,2.5446,2.2347,2.185,2.0651,1.7109,1.9552,NQC,1.5146,1.8506,1.6791,1.6969,1.5985,1.5063,NQC,1.4687,1.5009,1.2957,0.4627,0.4504,0.6045,0.7015,0.5884,1.0755,NQC,NQC,1.0521,NQC,1.4595,1.3195,1.2341,0.8982,1.1203,0.7564,0.5119,1.9101,1.8694,1.3887,1.6126,2.1096,NQC,1.2083,1.6293,NQC,NQC,1.1079,1.3514,0.7886,1.3592,1.1641,1.0811,1.0188,0.702,0.9203,0.4441,0.4329,1.0297,1.7348,1.6052,1.7928,1.6391,1.2147,1.4267,1.2359,NQC,1.2844,1.3634,1.3724,1.5616,1.6294,1.4956,NQC,1.1168,1.1125,1.5799,1.1886,1.9954,1.9585,1.9008,1.718,1.5825,1.531,1.4394,1.2062,1.3492,1.1729,1.3144,1.319,1.8484,0.582,0.5738,1.8014,1.7223,1.4898,1.659,1.2591,1.7909,1.5666,1.7097,1.0912,0.6697,0.3166,0.2262,-0.0345,0.9754,0.3905,1.6915,1.47,1.5064,1.8292,1.1118,0.9891,1.2189,1.9597,1.2306,NQC,0.4688,1.4966,NQC,1.2106,1.1566,0.902,0.827,0.4092,0.4273,0.4326,0.9924,1.1319,0.9687,0.9214,1.2951,1.3138,0.614,1.3498,1.2371,1.1753,0.8495,0.8702,0.6852,NQC,NQC,1.1827,NQC,NQC,NQC,1.3768,NQC,1.4098,1.4436,NQC,1.3458,1.1897,1.1741,0.7954,1.3664,1.3349,1.5635,0.5574,0.6968,0.8369,0.8638,1.2046,0.9517,1.3049,0.0136,-0.703,NQC,NQC,0.154,1.2651,1.4365,1.4532,0.7831,0.7446,0.5755,0.8199,0.8742,1.2194,0.5154,0.5316,1.1379,0.7585,0.4909,1.2046,1.4585,0.4957,0.6726,1.3924,-0.3788,0.6794,1.0974,0.9846,1.3737,0.9405,0.9304,0.8027,0.971,0.9686,-0.04,NQC,NQC,0.1912,NQC,NQC,NQC
POLONNARUWA,2.4695,2.2591,2.1774,2.1071,1.7355,NQC,1.9909,1.4283,1.9345,NQC,1.6921,1.3959,1.3714,NQC,1.332,1.317,1.2649,0.5278,0.322,0.6089,NQC,0.5797,1.111,NQC,NQC,0.9454,NQC,NQC,NQC,NQC,0.9443,1.1076,0.7709,0.3551,1.9099,1.8118,1.4474,1.6687,2.2829,0.7871,0.8628,1.6465,NQC,NQC,NQC,NQC,0.5547,2.296,NQC,NQC,NQC,0.7025,NQC,0.4181,0.1972,0.779,1.7341,1.596,1.8066,1.6578,1.1787,1.4189,1.2355,1.1607,1.2919,1.3637,1.3867,1.5306,1.616,1.5814,1.295,1.0879,1.08,1.2738,1.1956,2.005,1.9948,NQC,1.718,1.5825,1.531,1.4394,1.2062,1.3492,1.1729,1.3144,1.319,1.8484,0.4012,0.5088,1.8014,1.7223,1.5368,1.7729,1.2591,1.8244,1.3766,1.7097,1.0912,0.6697,0.447,NQC,0.0778,0.7398,1.1116,1.5049,1.3141,1.4111,1.8008,0.7717,0.704,0.9675,2.0047,NQC,NQC,0.4235,NQC,NQC,0.781,1.1235,0.9141,1.063,0.3184,0.5996,0.5682,0.6785,1.0689,1.1071,1.094,1.2805,1.3187,0.6335,1.2157,NQC,NQC,0.84,0.9358,0.7772,NQC,NQC,1.1162,NQC,NQC,NQC,1.1836,NQC,1.2645,1.2247,NQC,1.3046,1.1833,1.0784,0.8926,1.2529,1.2973,1.6929,0.4872,0.6411,0.9751,0.7492,1.3173,0.7058,1.2577,NQC,NQC,1.0606,0.9622,-0.225,0.8484,NQC,1.4531,0.8683,0.6871,0.552,0.5703,0.5404,1.0312,0.6335,0.6845,1.3099,0.5399,0.4733,1.071,1.4342,0.4619,0.2815,NQC,NQC,NQC,0.9177,1.4126,1.4168,1.0939,0.5276,0.8736,0.7846,0.8736,NQC,NQC,NQC,-0.2883,0.1868,NQC,-0.9508
BADULLA,2.5455,2.2159,2.1671,2.0619,1.7099,1.9626,NQC,NQC,1.8525,1.6845,1.6892,NQC,1.6678,NQC,1.6002,1.6644,1.3423,0.5294,0.5394,0.593,0.738,0.5809,1.117,NQC,NQC,1.1412,1.6537,1.4312,1.3184,1.2406,0.9045,1.0729,0.7613,0.6449,1.9119,1.9777,1.5255,1.608,2.102,NQC,1.3308,1.879,NQC,NQC,1.161,1.3583,1.1729,1.2654,1.1581,1.0947,0.9844,0.7008,0.901,0.6326,0.6695,1.0278,1.7477,1.6085,1.8237,1.6429,1.1799,1.415,1.18,1.1784,1.2889,1.3557,1.3822,1.5272,1.6169,1.4928,1.2377,1.1269,1.1269,1.477,1.2283,2.0025,1.957,1.9149,1.718,1.5825,1.531,1.4394,1.2062,1.3492,1.1729,1.3144,1.319,1.8484,0.8145,0.7917,1.8014,1.7223,1.551,1.7796,1.2591,1.8211,1.3535,1.7097,1.0912,0.6697,0.9134,0.6454,0.2706,1.0761,0.5494,1.9214,1.4983,1.5751,1.6827,1.2877,1.0562,1.3069,1.9882,2.1134,NQC,0.2804,1.4869,NQC,1.3114,1.1301,1.0792,0.7582,1.1353,0.4693,0.5296,1.1306,1.1207,1.1073,1.0919,1.3169,1.3376,0.6432,1.2105,1.2557,1.1346,0.9783,0.9479,NQC,1.5731,1.5611,1.3813,1.4547,NQC,NQC,1.5035,1.5724,1.4799,1.5833,NQC,1.575,1.315,1.3195,0.825,1.33,1.3951,1.5592,0.6684,0.7959,0.9895,0.8575,1.3014,1.0868,1.3884,NQC,-0.4326,0.857,NQC,0.3061,1.3959,NQC,1.4505,0.6813,0.668,0.7388,0.9377,0.8487,1.2359,0.6017,0.6336,1.2002,0.7994,0.566,1.2249,1.5813,0.5913,0.5365,1.3606,0.308,1.2677,1.0347,1.125,1.3095,0.5424,1.0123,0.7726,0.6111,1.0374,0.0831,-0.3555,0.2607,0.1355,-0.1891,-0.2628,-0.0167
MONARAGALA,NQC,2.241,NQC,2.1015,1.7277,1.9757,NQC,1.6018,1.8706,1.6825,1.6948,NQC,1.5849,NQC,1.5756,1.5776,1.2858,0.4781,0.4486,0.5756,0.7958,0.6198,1.2099,1.5401,1.4761,1.3009,NQC,1.4993,1.3949,1.2896,0.9548,1.1236,0.782,0.4781,1.9073,NQC,1.3542,1.6237,2.1015,1.311,1.2582,1.6545,NQC,NQC,1.1033,NQC,0.8722,NQC,1.1978,1.1111,0.9939,0.7174,0.9069,0.6196,0.6245,1.08,NQC,1.6203,1.8236,1.6521,1.3498,1.4148,NQC,NQC,1.2884,1.3561,1.3938,1.5169,NQC,1.5037,1.238,1.2283,1.232,1.611,1.2026,2.012,2.0942,NQC,1.718,1.5825,1.531,1.4394,1.2062,1.3492,1.1729,1.3144,1.319,1.8484,0.8972,0.7331,1.8014,1.7223,1.6109,1.6893,1.2591,1.6468,1.3682,1.7097,1.0912,0.6697,0.5759,0.1659,0.5746,1.1026,0.6034,1.9966,1.4741,1.5587,1.8142,1.1301,0.8842,1.2613,1.9926,NQC,NQC,0.4453,NQC,1.5679,1.2427,1.1112,1.0548,0.8588,0.048,0.8132,0.5343,0.8673,1.2008,0.8528,0.8524,1.3544,1.3331,0.62,1.2349,1.2791,1.1471,1.1008,1.0118,NQC,NQC,NQC,1.3157,1.4405,NQC,NQC,1.4777,NQC,1.5449,1.462,NQC,1.5372,1.3262,1.4246,0.7508,1.3832,1.371,1.7148,0.688,0.7977,1.0657,0.9543,1.276,1.0141,1.3114,NQC,0.1575,NQC,NQC,0.5453,1.2657,1.3814,1.5647,0.7453,0.5931,0.7615,0.7486,0.953,1.2173,0.5658,0.531,1.3403,0.6706,0.4617,1.0519,1.5784,0.5748,0.8387,NQC,NQC,NQC,NQC,1.055,1.432,1.1041,0.5185,0.7226,0.9871,1.0565,0.2499,0.418,NQC,0.0474,NQC,NQC,NQC
KEGALLE,2.4552,2.215,2.1465,2.06,1.8226,1.9616,1.9286,1.8207,1.851,1.7998,1.7702,NQC,1.7513,NQC,1.7214,1.7437,1.267,0.6261,0.6326,0.5952,0.712,0.5924,1.1986,1.5336,1.5023,1.2941,1.618,1.4343,1.3208,1.2332,1.1569,1.0843,NQC,NQC,1.9081,1.7507,NQC,1.6435,2.1115,NQC,1.3776,1.6197,1.5524,1.5784,1.2459,1.3279,NQC,1.261,1.1635,1.0721,0.9858,0.8057,0.907,0.8641,0.8421,1.0232,1.7372,1.5954,1.7889,1.641,1.3248,1.4199,NQC,NQC,1.3205,1.3571,1.3728,1.5302,1.6071,1.4939,1.278,1.279,1.281,1.442,1.2876,2.0055,1.9769,1.8861,1.718,1.5825,1.531,1.4394,1.2062,1.3492,1.1729,1.3144,1.319,1.8484,0.8502,0.8456,1.8014,1.7223,1.5517,1.5968,1.2591,1.7454,1.5945,1.7097,1.0912,0.6697,1.0945,0.4628,0.6021,1.1404,0.9389,2.0723,1.5964,1.4342,1.8571,1.3233,1.0717,1.3095,1.9588,1.1952,1.4896,0.568,1.4864,1.5653,1.4507,1.1391,0.9274,1.2434,0.6065,0.6019,0.6335,1.1158,1.2645,1.1261,1.1031,1.3169,1.3908,0.7229,NQC,1.2483,NQC,0.8498,0.8756,0.8502,1.5982,1.5232,NQC,1.5006,1.7271,1.6564,NQC,1.5833,1.575,1.5194,NQC,1.6189,1.3786,1.4595,0.9707,1.3978,1.4044,1.7144,0.6958,0.872,1.0004,0.9211,1.3112,0.9452,1.3966,NQC,0.0744,1.0454,0.7164,0.2845,1.4631,1.459,1.4721,0.7493,0.7444,0.8738,0.8652,1.0737,1.2186,0.6328,0.6277,1.3427,0.7396,0.5858,1.2393,1.5876,0.6279,0.7501,NQC,0.6421,0.6656,0.9974,1.209,1.4662,1.0478,0.8921,0.9599,1.032,1.0519,0.2188,0.8706,0.9244,-0.5133,0.5523,NQC,0.7294
RATNAPURA,2.4542,2.2112,2.1586,2.0526,1.752,1.9571,1.8706,NQC,1.8509,1.7541,1.7803,1.8407,1.7434,1.7317,1.7202,1.7147,1.2033,0.5341,0.5334,0.5829,0.6883,0.5902,1.1127,1.5053,1.4642,1.2154,1.5955,1.419,1.3121,1.2282,0.8876,1.0738,0.7368,0.6316,1.9074,1.8441,1.4062,1.6228,2.1048,1.4407,1.3091,1.6347,1.5303,1.5353,1.1817,1.3333,1.2067,1.2627,1.1557,1.0801,0.9917,0.7062,0.9014,0.5878,0.5882,1.0664,1.7364,1.5955,1.7846,1.6415,1.2444,1.4227,1.2459,1.2544,1.2849,1.3617,1.3737,1.583,1.6159,1.5002,1.2372,1.1834,1.2047,1.4591,1.2819,1.9984,1.9621,1.921,1.718,1.5825,1.531,1.4394,1.2062,1.3492,1.1729,1.3144,1.319,1.8484,0.976,0.8792,1.8014,1.7223,1.604,1.7623,1.2591,1.7394,1.5729,1.7097,1.0912,0.6697,0.8104,0.5249,0.2226,1.0998,0.5435,1.9903,1.5941,1.5024,1.9577,1.2318,1.0688,1.3252,2.0209,1.2978,1.1581,0.3236,1.4965,1.5318,1.3435,1.1219,0.9978,0.9244,NQC,0.4302,0.536,1.0478,1.2189,1.058,1.0389,1.2958,1.2934,0.6395,1.1893,1.3187,1.131,0.9134,0.9198,0.9651,1.5769,1.546,NQC,1.419,1.7051,1.6553,1.5615,1.5562,1.5037,1.5794,1.6648,1.675,1.3096,1.4414,0.9048,1.4141,1.4149,1.7204,0.7058,0.9135,1.0032,0.8539,1.2731,1.0474,1.3317,NQC,-0.4763,0.8375,NQC,0.4114,1.413,1.4802,1.4721,0.8147,0.7499,0.889,0.8413,0.9621,1.2385,0.5529,0.6147,1.3119,0.7329,0.5235,1.2733,1.4209,0.538,0.6155,NQC,0.5192,NQC,1.0633,1.0389,1.348,0.9832,0.7336,0.8004,0.6529,0.7332,0.4776,NQC,-0.1878,0.1522,-0.0469,NQC,0.4033
